Another One Bites The Dust,Queen,Greatest Hits,55,100,217
Asche Zu Asche,Rammstein,Herzeleid,79,100,231
Beauty School Dropout,Various,Grease,48,100,239
Black Dog,Led Zeppelin,IV,109,100,296
Bring The Boys Back Home,Pink Floyd,The Wall [Disc 2],33,100,87
Circles,Bryan Lee,Blues Is,54,60,355
Comfortably Numb,Pink Floyd,The Wall [Disc 2],36,100,384
Crazy Little Thing Called Love,Queen,Greatest Hits,38,100,163
Electric Funeral,Black Sabbath,Paranoid,44,100,293
Fat Bottomed Girls,Queen,Greatest Hits,38,100,257
For Those About To Rock (We Salute You),AC/DC,Who Made Who,84,100,353
Four Sticks,Led Zeppelin,IV,84,100,284
Furious Angels,Rob Dougan,The Matrix Reloaded,54,100,330
Gelle,Bryan Lee,Blues Is,45,60,199
Going To California,Led Zeppelin,IV,100,100,215
Grease,Various,Grease,42,100,205
Hand of Doom,Black Sabbath,Paranoid,36,100,429
Hells Bells,AC/DC,Who Made Who,82,100,312
Hey You,Pink Floyd,The Wall [Disc 2],23,100,282
I Worry,Bryan Lee,Blues Is,33,100,341
Iron Man,Black Sabbath,Paranoid,39,100,358
Is There Anybody Out There?,Pink Floyd,The Wall [Disc 2],26,100,160
It was a Very Good Year,Frank Sinatra,Greatest Hits,39,100,268
Its Your Move,Bryan Lee,Blues Is,40,100,245
Jack the Stripper/Fairies Wear Boots,Black Sabbath,Paranoid,35,100,373
Killer Queen,Queen,Greatest Hits,34,100,181
Laichzeit,Rammstein,Herzeleid,41,100,262
Let me Down Easy,Bryan Lee,Blues Is,43,100,331
Misty Mountain Hop,Led Zeppelin,IV,88,100,278
No Low Down,Bryan Lee,Blues Is,39,100,245
Now You Are Gone,America,Greatest Hits,52,100,187
Outside The Wall,Pink Floyd,The Wall [Disc 2],16,100,104
Paranoid,Black Sabbath,Paranoid,36,100,172
Planet Caravan,Black Sabbath,Paranoid,38,100,274
Pretty Jeanie,Bryan Lee,Blues Is,34,100,225
Rammstein,Rammstein,Herzeleid,45,100,265
Rat Salad,Black Sabbath,Paranoid,46,100,150
Rock & Roll,Led Zeppelin,IV,109,100,220
Rode Across the Desert,America,Greatest Hits,60,100,249
Sandy,Various,Grease,36,100,155
Shake Your Foundations,AC/DC,Who Made Who,85,100,233
Sister Golden Hair,America,Greatest Hits,60,100,202
Somebody To Love,Queen,Greatest Hits,17,100,297
Stairway To Heaven,Led Zeppelin,IV,93,100,481
Strangers in the Night,Frank Sinatra,Greatest Hits,42,100,158
Summer Nights,Various,Grease,35,100,216
Summer Wind,Frank Sinatra,Greatest Hits,46,100,177
Thats Life,Frank Sinatra,Greatest Hits,43,100,189
The Battle Of Evermore,Led Zeppelin,IV,110,100,351
"The Blues ""Is""",Bryan Lee,Blues Is,45,100,252
There it Is,Bryan Lee,Blues Is,35,100,395
Think,Bryan Lee,Blues Is,41,100,320
This Town,Frank Sinatra,Greatest Hits,44,100,185
Tin Man,America,Greatest Hits,50,100,210
Track 01,Billy Price,Danger Zone,47,100,261
Track 02,Billy Price,Danger Zone,42,100,165
Track 03,Billy Price,Danger Zone,41,100,206
Messin with the Kid,The Canettes Blues Band,Self Titled,23,100,226
Track 04,Billy Price,Danger Zone,37,100,257
Stormy Monday,The Canettes Blues Band,Self Titled,29,100,464
Track 05,Billy Price,Danger Zone,42,100,230
Waiting on Ice,Bryan Lee,Blues Is,37,100,289
War Pigs/Luke's Wall,Black Sabbath,Paranoid,38,100,478
We Are The Champions,Queen,Greatest Hits,24,100,181
We Will Rock You,Queen,Greatest Hits,33,100,123
When Somebody Loves You,Frank Sinatra,Greatest Hits,43,100,117
When The Levee Breaks,Led Zeppelin,IV,83,100,427
You are the One that I Want,Various,Grease,31,100,169
You Done Me Wrong,Bryan Lee,Blues Is,35,100,200
You Shook Me All Night Long,AC/DC,Who Made Who,92,100,210
You're My Best Friend,Queen,Greatest Hits,31,100,172
Zion,Fluke,The Matrix Reloaded,47,100,273
Who Made Who,AC/DC,Who Made Who,110,100,207
D.T.,AC/DC,Who Made Who,90,,173
Sink the Pink,AC/DC,Who Made Who,83,,253
Ride On,AC/DC,Who Made Who,75,,351
Chase the Ace,AC/DC,Who Made Who,93,,181
Wollt Ihr Das Bett In Flammen Sehen,Rammstein,Herzeleid,50,,317
Der Meister,Rammstein,Herzeleid,46,,250
Weisses Fleisch,Rammstein,Herzeleid,52,,215
Seemann,Rammstein,Herzeleid,34,,288
Du Riechst So Gut,Rammstein,Herzeleid,50,,289
Das Alte Leid,Rammstein,Herzeleid,46,,344
Heirate Mich,Rammstein,Herzeleid,39,,284
Herzeleid,Rammstein,Herzeleid,42,,223
Baba O'Riley,The Who,Who's Next,45,,298
Bargain,The Who,Who's Next,37,,331
Love Ain't for Keeping,The Who,Who's Next,24,,130
My Wife,The Who,Who's Next,17,,213
The Song Is Over,The Who,Who's Next,14,,375
Getting In Tune,The Who,Who's Next,27,,288
Going Mobile,The Who,Who's Next,28,100,221
Behind Blue Eyes,The Who,Who's Next,43,,221
Won't Get Fooled Again,The Who,Who's Next,21,,511
Folsom Prison Blues,Johnny Cash,The Legend Of Johnny Cash,47,100,170
I Walk The Line,Johnny Cash,The Legend Of Johnny Cash,33,100,165
Get Rhythm,Johnny Cash,The Legend Of Johnny Cash,35,100,134
Big River,Johnny Cash,The Legend Of Johnny Cash,51,,152
Guess Things Happen That Way,Johnny Cash,The Legend Of Johnny Cash,35,,111
Ring Of Fire,Johnny Cash,The Legend Of Johnny Cash,30,100,157
Jackson,Johnny Cash,The Legend Of Johnny Cash,35,100,166
A Boy Named Sue (live),Johnny Cash,The Legend Of Johnny Cash,37,,226
You Raise Me Up,Selah,Hiding Place,9,,302
"Hold On, I'm Coming",The Canettes Blues Band,On Tap & In the Can,34,100,282
Got my Mojo Working,The Canettes Blues Band,On Tap & In the Can,52,100,310
Sweet Home Chicago,The Canettes Blues Band,On Tap & In the Can,27,100,375
Heavy Love,The Canettes Blues Band,On Tap & In the Can,28,100,253
Cold Cold Feeling,The Canettes Blues Band,On Tap & In the Can,43,100,261
Lonely Avenue,The Canettes Blues Band,On Tap & In the Can,24,100,292
Good Morning Little Schoolgirl,The Canettes Blues Band,On Tap & In the Can,20,100,278
Dust My Broom,The Canettes Blues Band,On Tap & In the Can,24,100,299
Gimme' Some Lovin,The Canettes Blues Band,On Tap & In the Can,35,100,227
Everybody Needs Somebody to Love,The Canettes Blues Band,On Tap & In the Can,24,100,195
Black Magic Woman,The Canettes Blues Band,On Tap & In the Can,31,100,442
Steppin' Rooster,The Canettes Blues Band,On Tap & In the Can,21,100,704
Our Love is Drifting,The Canettes Blues Band,On Tap & In the Can,15,100,292
Doin' 100,The Canettes Blues Band,On Tap & In the Can,20,100,343
Mother Joy,Matt Ender,Natural Wonders Music Sampler 1999,463,,287
Soldier's Lament,Steve McDonald,Natural Wonders Music Sampler 1999,371,,347
Dulaman,Altan,Natural Wonders Music Sampler 1999,403,,223
The Arrow,Chris Spheeris,Natural Wonders Music Sampler 1999,416,,319
Spanish Eyes,La Esperanza,Natural Wonders Music Sampler 1999,375,,259
Banana Bay,Luis Villegas,Natural Wonders Music Sampler 1999,403,,198
Aguas De Marco,Rosa Passos,Natural Wonders Music Sampler 1999,407,,179
Tamborea,Energipsy,Natural Wonders Music Sampler 1999,355,,235
Gone,Hollie Smith,Natural Wonders Music Sampler 1999,362,,196
The Immigrant,Joanie Madden,Natural Wonders Music Sampler 1999,350,,362
Pahrump-Big Water,Cusco,Natural Wonders Music Sampler 1999,342,,191
Seeker's Quest,Cheryl Gunn,Natural Wonders Music Sampler 1999,337,,236
Floating To Forever,Dean Everson,Natural Wonders Music Sampler 1999,337,,351
Open Road,Jeff Bailey,Relaxing Jazz,10,,318
Ruby,Kaiser Chiefs,"Yours Truly, Angry Mob",13,,205
The Angry Mob,Kaiser Chiefs,"Yours Truly, Angry Mob",41,,288
Heat Dies Down,Kaiser Chiefs,"Yours Truly, Angry Mob",12,,237
Highroyds,Kaiser Chiefs,"Yours Truly, Angry Mob",10,,199
Love's Not A Competition (But I'm Winning),Kaiser Chiefs,"Yours Truly, Angry Mob",11,,197
Thank You Very Much,Kaiser Chiefs,"Yours Truly, Angry Mob",11,,157
I Can Do It Without You,Kaiser Chiefs,"Yours Truly, Angry Mob",11,,204
My Kind Of Guy,Kaiser Chiefs,"Yours Truly, Angry Mob",10,,246
Everything Is Average Nowadays,Kaiser Chiefs,"Yours Truly, Angry Mob",16,,164
Learnt My Lesson Well,Kaiser Chiefs,"Yours Truly, Angry Mob",9,,325
Try Your Best,Kaiser Chiefs,"Yours Truly, Angry Mob",8,,222
Retirement,Kaiser Chiefs,"Yours Truly, Angry Mob",10,,237
The Angry Mob [Live From Berlin],Kaiser Chiefs,"Yours Truly, Angry Mob",40,,279
I Like To Fight,Kaiser Chiefs,"Yours Truly, Angry Mob",8,,218
From The Neck Down,Kaiser Chiefs,"Yours Truly, Angry Mob",15,,147
Bomb Squad (TECH),Brent,Brent's Album,4,,208
BYURY ME,Brent,Peanut Butter & Jam ,4,,274
Charlie and the Rising Moon,Charlie And The Rising Moon,Charlie and The Rising Moon,,,161
clay techno ,Brent,Brent's Album,5,,276
Cloud Nine Times Over ,Charlie And The Rising Moon,Charlie and The Rising Moon,3,,135
Depression in Session,Brent,Peanut Butter and Jam ,4,,213
Heavy,Brent,Brent's Album,2,,188
Hi metal man,Brent,Brent's Album,4,,260
Mistro,Brent,Brent's Album,5,,178
Pirate spirit,Brent,Brent's Album,3,,180
Run Away (New) ,Brent,Brent's Album,1,,154
Star Gaze (Inspired),Charlie And The Rising Moon,Charlie and The Rising Moon,,,181
The Dictator (New,Brent,Peanut Butter & Jam ,5,,143
Town From Town,Brent,Brent's Album,4,,86
The Wisdom of Crowds: Why the Many Are Smarter than the Few Part 1 of 3,James Surowiecki,The Wisdom of Crowds: Why the Many Are Smarter than the Few (Abridged Nonfiction),15,,8586
The Wisdom of Crowds: Why the Many Are Smarter than the Few Part 2 of 3,James Surowiecki,The Wisdom of Crowds: Why the Many Are Smarter than the Few (Abridged Nonfiction),9,,8443
The Wisdom of Crowds: Why the Many Are Smarter than the Few Part 3 of 3,James Surowiecki,The Wisdom of Crowds: Why the Many Are Smarter than the Few (Abridged Nonfiction),3,,4168
The Wisdom of Crowds: Why the Many Are Smarter Than the Few (Unabridged) Part 1 of 5,James Surowiecki,The Wisdom of Crowds: Why the Many Are Smarter Than the Few (Unabridged),4,,7920
The Wisdom of Crowds: Why the Many Are Smarter Than the Few (Unabridged) Part 2 of 5,James Surowiecki,The Wisdom of Crowds: Why the Many Are Smarter Than the Few (Unabridged),,,7921
The Wisdom of Crowds: Why the Many Are Smarter Than the Few (Unabridged) Part 3 of 5,James Surowiecki,The Wisdom of Crowds: Why the Many Are Smarter Than the Few (Unabridged),,,7965
The Wisdom of Crowds: Why the Many Are Smarter Than the Few (Unabridged) Part 4 of 5,James Surowiecki,The Wisdom of Crowds: Why the Many Are Smarter Than the Few (Unabridged),1,,9653
The Wisdom of Crowds: Why the Many Are Smarter Than the Few (Unabridged) Part 5 of 5,James Surowiecki,The Wisdom of Crowds: Why the Many Are Smarter Than the Few (Unabridged),,,746
Misty,David Osborne,Moonlight And Love Songs,302,,249
My Funny Valentine,David Osborne,Moonlight And Love Songs,301,,235
Since I Don't Have You,David Osborne,Moonlight And Love Songs,288,,251
Tenderly,David Osborne,Moonlight And Love Songs,284,,227
When I Fall In Love,David Osborne,Moonlight And Love Songs,281,,187
Unforgettable,David Osborne,Moonlight And Love Songs,280,,272
The Way You Look Tonight,David Osborne,Moonlight And Love Songs,277,,247
I've Grown Accustomed To Your Face,David Osborne,Moonlight And Love Songs,280,,148
Smoke Gets In Your Eyes,David Osborne,Moonlight And Love Songs,277,,198
Fly Me To The Moon,David Osborne,Moonlight And Love Songs,275,,182
Unchained Melody,David Osborne,Moonlight And Love Songs,265,,259
These Foolish Things Remind Me Of You,David Osborne,Moonlight And Love Songs,267,,184
La Vie En Rose,David Osborne,Moonlight And Love Songs,259,,276
As Time Goes By,David Osborne,Moonlight And Love Songs,290,,257
Pilot,Fairly Legal,"Fairly Legal, Season 1",1,,3847
Jobs2a,csev,csev's Album,,,541
hte postal service - the impor,The Postal Service,unreleased demo,,,193
Winter Wonderland,Bing Crosby,Seasons Greatings,163,,144
Jingle Bells,Frank Sinatra,Seasons Greatings,271,,121
White Christmas,Bing Crosby,Seasons Greatings,158,,95
The Christmas Song,Frank Sinatra,Seasons Greatings,272,,209
Little Drummer Boy,Bing Crosby,Seasons Greatings,154,,178
Silent Night,Frank Sinatra,Seasons Greatings,257,,149
Let It Snow,Bing Crosby,Seasons Greatings,154,,125
Mistletoe And Holly,Frank Sinatra,Seasons Greatings,257,,138
O Holy Night,Bing Crosby,Seasons Greatings,150,,214
Have Yourself A Merry Little Christmas,Frank Sinatra,Seasons Greatings,252,,208
Do You Hear What I Hear,Bing Crosby,Seasons Greatings,155,,164
I'll Be Home For Christmas,Frank Sinatra,Seasons Greatings,249,,190
Voices,Disturbed,The Sickness,,,191
The Game,Disturbed,The Sickness,1,,227
Stupify,Disturbed,The Sickness,1,,274
Down With The Sickness,Disturbed,The Sickness,1,,278
Violence Fetish,Disturbed,The Sickness,,,203
Fear,Disturbed,The Sickness,4,,227
Numb,Disturbed,The Sickness,,,224
Want,Disturbed,The Sickness,,,232
Conflict,Disturbed,The Sickness,5,,275
Shout 2000,Disturbed,The Sickness,1,,257
Droppin' Plates,Disturbed,The Sickness,4,,229
Meaning Of Life,Disturbed,The Sickness,3,,242
Eben Upton: Raspberry Pi,IEEE Computer Society,Computing Conversations,2,,661
Andrew Tanenbaum: Writing the Book on Networks,IEEE Computer Society,Computing Conversations,4,,535
Massimo Banzi: Building Arduino,IEEE Computer Society,Computing Conversations,1,,567
John C. Hollar: History of Computing,IEEE Computer Society,Computing Conversations,1,,694
Bob Metcalfe: Ethernet at Forty,IEEE Computer Society,Computing Conversations,,,1031
Gordon Bell: Building Blocks of Computing,IEEE Computer Society,Computing Conversations,1,,744
Ian Horrocks: Standardizing OWL,IEEE Computer Society,Computing Conversations,1,,572
Katie Hafner: The Origins of the Internet,IEEE Computer Society,Computing Conversations,1,,652
Larry Smarr: Building Mosaic,IEEE Computer Society,Computing Conversations,,,894
Len Kleinrock: The Theory of Packets,IEEE Computer Society,Computing Conversations,1,,674
Mitchell Baker: The Mozilla Foundation,IEEE Computer Society,Computing Conversations,,,994
Pooja Sankar: Building the Piazza Collaboration System,IEEE Computer Society,Computing Conversations,,,496
Van Jacobson: Content-Centric Networking,IEEE Computer Society,Computing Conversations,,,780
The Apache Software Foundation,IEEE Computer Society,Computing Conversations,,,542
A Brief History of Packets,IEEE Computer Society,Computing Conversations,,,1004
Discovering JavaScript Object Notation,IEEE Computer Society,Computing Conversations,,,650
Inventing PHP,IEEE Computer Society,Computing Conversations,,,494
Monash Museum of Computing History,IEEE Computer Society,Computing Conversations,,,362
The Rise of JavaScript,IEEE Computer Society,Computing Conversations,,,526
Joseph Hardin: NCSA Mosaic,IEEE Computer Society,Computing Conversations,,,845
Len Kleinrock on the Internet's First Two Packets,IEEE Computer Society,Computing Conversations,1,,594
Doug Van Houweling on Building the NSFNet,IEEE Computer Society,Computing Conversations,,,773
Computing Conversations: Nathaniel Borenstein on MIME,IEEE Computer Society,Computing Conversations,,,682
You Don't Mess Around With Jim,Jim Croce,Classic Hits,,,184
Andrew S. Tanenbaum on MINIX,IEEE Computer Society,Computing Conversations,,,603
Computing Conversations: Elizabeth Fong on SQL Standards,IEEE Computer Society,Computing Conversations,,,533
Nii Quaynor on Bringing the Internet to Africa,IEEE Computer Society,Computing Conversations,1,,673
PHP-09-Transactions.mp3,Created by Sakai,SI 664 W14's official Podcast.,,,1728
PHP-01-Intro.mp3,Created by Sakai,SI 664 W14's official Podcast.,,,2250
PHP-02-Install.mp3,Created by Sakai,SI 664 W14's official Podcast.,1,,0
PHP-04-Expressions.mp3,Created by Sakai,SI 664 W14's official Podcast.,,,2168
PHP-05-Functions.mp3,Created by Sakai,SI 664 W14's official Podcast.,,,1446
PHP-06-Strings.mp3,Created by Sakai,SI 664 W14's official Podcast.,,,417
PHP-12-Sessions.mp3,Created by Sakai,SI 664 W14's official Podcast.,,,3624
PHP-06-Objects.mp3,Created by Sakai,SI 664 W14's official Podcast.,,,2455
SI664-13-JSON-A.mp3,Created by Sakai,SI 664 W14's official Podcast.,,,4407
PHP-13-JavaScript.mp3,Created by Sakai,SI 664 W14's official Podcast.,,,3650
PHP-09-Database-Design.mp3,Created by Sakai,SI 664 W14's official Podcast.,,,3591
PHP-Tsugi-Install.mp3,Created by Sakai,SI 664 W14's official Podcast.,,,3181
PHP-10-MySQL-PDO.mp3,Created by Sakai,SI 664 W14's official Podcast.,,,4536
PHP-08-MySQL.mp3,Created by Sakai,SI 664 W14's official Podcast.,,,3994
SI664-13-JSON-B.mp3,Created by Sakai,SI 664 W14's official Podcast.,,,1484
IMS-Learning-Tools-Interoperability.mp3,Created by Sakai,SI 664 W14's official Podcast.,,,2185
An Interview with Don Waters,Matt Pasiewicz,CNI Event Coverage,2,,1411
Py4Inf-11-Regex.mp3,Recording by Dr. Chuck,Python for Informatics's official Podcast.,,,2123
Py4Inf-10-Tuples.mp3,Recording by Dr. Chuck,Python for Informatics's official Podcast.,,,1597
Py4Inf-09-Dictionaries.mp3,Recording by Dr. Chuck,Python for Informatics's official Podcast.,,,2254
Py4Inf-08-Lists.mp3,Recording by Dr. Chuck,Python for Informatics's official Podcast.,,,1636
Py4Inf-07-Files.mp3,Recording by Dr. Chuck,Python for Informatics's official Podcast.,,,1478
Py4Inf-06-Strings.mp3,Recording by Dr. Chuck,Python for Informatics's official Podcast.,,,1677
Py4Inf-05-Iterations.mp3,Recording by Dr. Chuck,Python for Informatics's official Podcast.,,,2804
Py4Inf-04-Functions.mp3,Recording by Dr. Chuck,Python for Informatics's official Podcast.,,,1683
Py4Inf-03-Conditional.mp3,Recording by Dr. Chuck,Python for Informatics's official Podcast.,,,2296
Py4Inf-02-Expressions.mp3,Recording by Dr. Chuck,Python for Informatics's official Podcast.,,,2578
Py4Inf-01-Intro.mp3,Recording by Dr. Chuck,Python for Informatics's official Podcast.,,,3428
Ian Foster on the Globus Project,IEEE Computer Society,Computing Conversations,1,,538
Khan Academy and Computer Science,IEEE Computer Society,Computing Conversations,1,,558
Guido van Rossumon the Early Years of Python,IEEE Computer Society,Computing Conversations,1,,701
Guido van Rossum on the Modern Era of Python,IEEE Computer Society,Computing Conversations,,,741
John Resig on Building jQuery,IEEE Computer Society,Computing Conversations,,,595
Roy T. Fielding on Understanding the REST Style,IEEE Computer Society,Computing Conversations,1,,683
Anil Jain: 25 Years of Biometric Recognition,IEEE Computer Society,Computing Conversations,,,661
Waste Management,Undercover Boss,"Undercover Boss, Season 1",1,,2565
Sleep Like a Baby Tonight,U2,Songs of Innocence,,,301
Evergreen,The Black Crowes,Warpaint,,,261
Oh Josephine,The Black Crowes,Warpaint,,,398
Movin' On Down the Line,The Black Crowes,Warpaint,,,342
Wounded Bird,The Black Crowes,Warpaint,,,263
Volcano,U2,Songs of Innocence,,,194
Wee Who See the Deep,The Black Crowes,Warpaint,,,290
Cedarwood Road,U2,Songs of Innocence,,,265
Locust Street,The Black Crowes,Warpaint,,,255
Raised By Wolves,U2,Songs of Innocence,,,245
The Troubles,U2,Songs of Innocence,,,285
This Is Where You Can Reach Me Now,U2,Songs of Innocence,,,305
God's Got It,The Black Crowes,Warpaint,,,202
California (There Is No End to Love),U2,Songs of Innocence,,,239
Every Breaking Wave,U2,Songs of Innocence,,,252
Interview With the Onion News Network,Onion News Network,"Onion News Network, Season 1",1,,302
Song for Someone,U2,Songs of Innocence,,,226
The Miracle (Of Joey Ramone),U2,Songs of Innocence,,,255
Iris (Hold Me Close),U2,Songs of Innocence,,,319
Goodbye Daughters of the Revolution,The Black Crowes,Warpaint,,,304
Walk Believer Walk,The Black Crowes,Warpaint,,,280
Choice Hotels International,Undercover Boss,"Undercover Boss, Season 2",1,,2614
Microchip,Jason Farnham,YouTube Audio Library,,,114
Anant Agarwal,IEEE Computer Society,Computing Conversations,,,494
